﻿Designator,Quantity,Value,Footprint,Package,MPN,DNP,Mount_Type,Description
"C1, C2",2,22nF,C_0805_2012Metric,,,,smt,Unpolarized capacitor
"C3, C4",2,100nF,C_0805_2012Metric,,,,smt,Unpolarized capacitor
"C5, C6",2,100nF,C_1206_3216Metric,,,,smt,Unpolarized capacitor
C7,1,1uF,C_0805_2012Metric,,,,smt,Unpolarized capacitor
"D1, D2, D9",3,LED (Red),LED_0805_2012Metric,,,,smt,Light emitting diode
"D3, D5",2,LED (Blue),LED_0805_2012Metric,,,,smt,Light emitting diode
"D4, D6",2,LED (Green),LED_0805_2012Metric,,,,smt,Light emitting diode
"D7, D8",2,LED (Yellow),LED_0805_2012Metric,,,,smt,Light emitting diode
"J1, J2",2,I2C,JST_PH_S4B-PH-SM4-TB_1x04-1MP_P2.00mm_Horizontal,,,,smt,"Generic connector, single row, 01x04, script generated"
J3,1,Stations,JST_PH_S4B-PH-SM4-TB_1x04-1MP_P2.00mm_Horizontal,,,,smt,"Generic connector, single row, 01x04, script generated"
J4,1,Motor A,JST_PH_S6B-PH-SM4-TB_1x06-1MP_P2.00mm_Horizontal,,,,smt,"Generic connector, single row, 01x06, script generated"
J5,1,Motor B,JST_PH_S6B-PH-SM4-TB_1x06-1MP_P2.00mm_Horizontal,,,,smt,"Generic connector, single row, 01x06, script generated"
J6,1,Motor Power,JST_PH_S4B-PH-SM4-TB_1x04-1MP_P2.00mm_Horizontal,,,,smt,"Generic connector, single row, 01x04, script generated"
"JP1, JP2",2,Pull Up,SolderJumper-2_P1.3mm_Open_RoundedPad1.0x1.0mm,,,,tht,"Solder Jumper, 2-pole, open"
Pad1,1,VCC,Wire_Pad_D1.2mm,,,,smt,Wire Connection
"Pad10, Pad11",2,Heat Sink,Wire_Pad_2050mm,,,,smt,Wire Connection
Pad2,1,SWIM,Wire_Pad_D1.2mm,,,,smt,Wire Connection
Pad3,1,GND,Wire_Pad_D1.2mm,,,,smt,Wire Connection
Pad4,1,NRST,Wire_Pad_D1.2mm,,,,smt,Wire Connection
Pad5,1,Reset I2C,Wire_Pad_D1.2mm,,,,smt,Wire Connection
Pad6,1,VCC,Wire_Pad_2050mm,,,,smt,Wire Connection
"Pad7, Pad9",2,GND,Wire_Pad_2050mm,,,,smt,Wire Connection
Pad8,1,Motor power,Wire_Pad_2050mm,,,,smt,Wire Connection
"Q1, Q2",2,PNP_S8550,SOT-23,,,,smt,"PNP transistor, base/emitter/collector"
"R1, R15, R18, R2, R21, R22, R5, R6",8,10k,R_0805_2012Metric,,,,smt,Resistor
"R10, R9",2,1k3,R_0805_2012Metric,,,,smt,Resistor
"R11, R12, R19, R23, R24, R25, R26",7,150R,R_0805_2012Metric,,,,smt,Resistor
"R13, R14",2,4k7,R_0805_2012Metric,,,,smt,Resistor
"R16, R17",2,100R,R_0805_2012Metric,,,,smt,Resistor
R20,1,680R,R_0805_2012Metric,,,,smt,Resistor
R27,1,1K5,R_0805_2012Metric,,,,smt,Resistor
"R3, R4",2,510R,R_0805_2012Metric,,,,smt,Resistor
"R7, R8",2,Omit,R_0805_2012Metric,,,,smt,Resistor
U1,1,STM8S103F,TSSOP-20_4.4x6.5mm_P0.65mm,,,,smt,"16MHz, 8K Flash, 1K RAM, 128 EEPROM, USART, I²C, SPI, TSSOP-20"
"U2, U3",2,DRV8876,HTSSOP-16-1EP_4.4x5mm_P0.65mm_EP3x3mm,,,,smt,"H-Bridge driver, 3.5A, Low Voltage, PH/EN input"
